{
    "ff":{
        "PosFreq":3713.0,
        "NegFreq":221.0,
        "PosRatio":0.9438230808,
        "NegRatio":0.0561769192
    },
    "jobs":{
        "PosFreq":11.0,
        "NegFreq":1210.0,
        "PosRatio":0.009009009,
        "NegRatio":0.990990991
    },
    "sadtweet":{
        "PosFreq":18.0,
        "NegFreq":1732.0,
        "PosRatio":0.0102857143,
        "NegRatio":0.9897142857
    },
    "smartnokialumia":{
        "PosFreq":1492.0,
        "NegFreq":115.0,
        "PosRatio":0.9284380834,
        "NegRatio":0.0715619166
    },
    "teamfollowback":{
        "PosFreq":1021.0,
        "NegFreq":349.0,
        "PosRatio":0.7452554745,
        "NegRatio":0.2547445255
    },
    "thoughtsduringschool":{
        "PosFreq":1390.0,
        "NegFreq":342.0,
        "PosRatio":0.8025404157,
        "NegRatio":0.1974595843
    },
    "waystomakemehappy":{
        "PosFreq":1315.0,
        "NegFreq":20.0,
        "PosRatio":0.9850187266,
        "NegRatio":0.0149812734
    },
    "yougetmajorpointsif":{
        "PosFreq":2753.0,
        "NegFreq":13.0,
        "PosRatio":0.9953000723,
        "NegRatio":0.0046999277
    }
}